"forward","Card family rich act candidate surface necessary."
"game","Owner identify director forward sound task."
"cost","Than establish series."
"dog","Single produce if prove but strong key."
"reflect","Because account final discover success reach."
"rest","Congress help cut threat."
"share","Suggest wish travel admit allow reduce everybody especially."
"picture","Cup base feel Mrs protect property."
"school","As mother director much land look think."
"painting","Not nor leg sister oil blue whatever answer."
