"24","678","Conference east star note campaign.","4","2009-06-16 10:37:32"
"36","1456","Defense color wrong as American might.","4","2005-05-19 19:11:39"
"78","401","Institution team could anything something alone whatever.","3","2009-09-30 23:52:15"
"56","579","Service effect her morning off score.","3","2016-10-10 12:46:24"
"96","943","Green arm I share rise call role.","1","2009-04-27 15:48:36"
"46","1496","Sound impact suggest laugh letter admit.","3","2003-11-24 06:32:39"
"65","132","Activity address movement since.","1","2011-01-22 11:01:39"
"16","431","Year start culture throw policy would sound result.","3","2020-06-21 11:00:29"
"37","1295","Sense energy local political professor begin.","3","2009-04-01 04:19:59"
"99","158","Her machine study series model.","5","2014-03-22 17:34:43"
"0","371","Land born laugh real toward right ability.","5","2007-05-23 01:21:50"
"10","1693","Tree have institution maintain democratic officer.","4","2012-11-27 03:00:09"
"49","1759","Develop present music throughout.","1","2020-08-16 04:56:51"
"14","1826","Address attack weight.","1","2008-08-31 03:52:32"
"75","490","Grow get each computer role.","5","2002-02-15 21:09:51"
"46","1590","Six current reality especially.","3","2013-09-16 03:01:41"
"35","1775","By fly plan finish thus.","2","2008-03-28 14:44:48"
"24","926","Detail step might why upon provide different.","3","2011-04-14 20:08:21"
"40","1230","Friend finish finish leg.","1","2011-01-13 01:44:43"
"77","1258","Pattern cold quality buy.","5","2006-01-29 01:39:39"
"23","1291","For last staff program western.","3","2015-05-07 03:11:53"
"93","190","Report body his message stage.","5","2015-04-07 19:20:33"
"16","1387","Building still of body.","5","2017-10-15 08:45:49"
"77","1571","Stay process myself practice worry result.","2","2021-10-19 08:51:04"
"67","1966","Religious deep try.","1","2002-02-11 07:01:11"
"89","246","Data weight task vote anything.","3","2022-12-12 07:28:20"
"21","387","He despite entire nature perform sometimes office national.","2","2016-05-30 07:26:54"
"90","335","Piece assume everybody marriage.","2","2015-12-19 12:39:32"
"33","1888","Southern goal way message unit government.","4","2023-01-04 14:53:48"
"6","1275","Between sea approach color look feeling treat team.","1","2010-11-17 19:58:38"
"36","1461","Hope window staff item president rest.","4","2020-10-17 15:25:02"
"38","1538","Order challenge become management.","5","2001-03-20 09:15:15"
"74","1867","Guess attorney add reflect player.","3","2013-01-29 21:27:18"
"69","337","Explain data shake ago politics.","4","2007-04-17 00:07:54"
"44","360","Talk catch kid security responsibility grow.","3","2002-05-11 08:53:54"
"52","679","Hot task his explain kind.","3","2012-06-18 14:57:26"
"50","1431","Beyond poor writer return specific.","3","2005-01-12 04:50:30"
"11","1907","Medical situation degree hit again.","5","2007-11-20 16:44:18"
"73","1724","Energy reason change manage present market.","3","2008-02-16 16:55:05"
"44","1934","Important lead population action talk culture.","2","2016-04-09 17:26:05"
"58","220","Personal guy store just cell employee.","4","2013-05-20 06:14:26"
"12","1025","Add history necessary know still sign.","2","2016-02-27 17:05:36"
"77","1749","Perhaps since turn along mind experience arm.","5","2019-08-09 05:57:53"
"36","1871","Shake similar sign democratic trouble news whom.","3","2016-11-09 00:33:07"
"63","1","Bank pretty present laugh yet experience score.","3","2008-04-28 12:30:55"
"60","1814","Interesting year figure take radio both.","3","2023-06-01 09:28:24"
"62","1533","Writer you attack room determine.","1","2000-09-10 07:21:47"
"56","1865","Finally board house month.","1","2010-02-16 04:30:15"
"17","1248","Week speech let guy over history reveal.","1","2001-11-01 10:57:35"
"39","1064","Bar grow lose investment small film.","2","2015-06-19 04:08:03"
"72","820","Poor four realize scientist law affect first.","1","2002-12-13 07:15:15"
"1","1990","Series stuff painting task.","3","2014-08-11 02:15:01"
"13","1726","Ability surface move attack production.","4","2013-07-24 13:06:57"
"25","403","Bar environment trade ever exactly.","1","2015-07-09 23:59:46"
"42","224","Available determine score dinner.","1","2000-10-29 21:39:19"
"99","1955","Tell boy pattern young movement.","4","2021-06-24 22:58:20"
"19","1699","Everybody hair likely west.","4","2001-03-16 17:23:06"
"36","891","Direction change thus quickly stop industry couple old.","1","2008-02-04 10:00:39"
"56","500","Available finally student daughter officer indicate.","5","2001-03-04 08:00:15"
"37","262","Apply evidence above human across seat cold.","4","2019-10-18 07:14:43"
"10","1938","Everyone executive drop executive.","2","2009-08-25 12:59:24"
"78","1361","Make than gas get.","3","2022-02-28 07:02:16"
"34","1192","Line cell create reveal.","5","2016-08-19 16:07:18"
"98","104","Set example check do.","4","2005-10-31 22:53:30"
"34","1718","Land side professor computer detail let.","2","2022-07-16 22:41:16"
"56","183","Young model agreement.","5","2000-06-15 16:34:17"
"18","1426","Nothing meeting good yet doctor manage game easy.","4","2016-10-18 09:11:07"
"14","380","Drug truth true new not environment list ability.","1","2023-07-24 03:24:51"
"81","96","Huge nation me soldier far discussion investment.","4","2000-11-12 11:01:10"
"53","1106","Describe many accept.","5","2010-08-18 11:57:39"
"0","679","Suggest like she draw.","2","2011-06-25 19:29:38"
"9","596","Another environmental report.","2","2003-11-27 23:29:54"
"17","1221","Most past whole marriage.","5","2023-05-05 22:40:43"
"93","215","Anyone imagine hundred leader under.","3","2022-10-06 16:06:33"
"73","354","Many system owner front attorney.","1","2003-02-22 04:25:21"
"78","1560","Trouble future model society.","5","2002-02-23 13:37:44"
"76","1893","Generation into computer arrive.","1","2001-02-16 08:54:08"
"73","1358","Across few animal lose move threat.","2","2020-08-06 21:28:16"
"78","1434","Mr thousand however new expert morning.","5","2011-04-15 07:11:51"
"49","953","Enter event back capital four simply.","3","2016-07-07 17:13:21"
"31","1614","When career clear small culture find ability.","5","2020-12-17 01:27:52"
"55","584","Church improve debate phone detail.","5","2021-01-15 18:36:32"
"28","953","Off performance in maybe couple show office.","5","2022-09-23 16:23:13"
"98","620","Apply alone focus generation.","4","2020-11-30 17:11:21"
"27","408","Police laugh manager often.","1","2015-03-25 09:08:49"
"41","665","Offer professor same past.","4","2020-01-11 07:25:48"
"62","387","Someone into PM religious.","5","2018-12-04 13:37:00"
"80","1831","Their around past continue.","1","2014-01-23 08:17:32"
"96","660","Project direction expect benefit after probably vote.","5","2001-02-28 17:37:08"
"24","1203","Buy politics recent name television term player rate.","3","2022-03-28 01:59:15"
"84","884","Data indeed market former just power health.","4","2021-01-02 03:26:47"
"71","1862","Today finish should move pattern relate should.","2","2012-06-02 19:53:30"
"12","1892","Nothing dinner ask baby every face always candidate.","5","2020-07-07 19:41:29"
"45","1147","Company leader house player.","4","2012-07-24 19:06:46"
"7","667","Million fund parent notice thing see.","3","2021-12-05 09:28:51"
"70","1154","Table carry all then left.","1","2012-04-26 11:56:46"
"77","1414","Keep remain south environment tough.","3","2005-11-15 09:38:14"
"92","1677","Person worry throughout everything.","1","2016-12-20 06:12:25"
"0","1963","Party account range.","2","2021-03-21 15:09:06"
"46","596","Character sea bank movement force.","2","2023-06-17 13:43:27"
