"51","0","Goal decision development response.","3","2000-05-15 06:30:17"
"26","1","Citizen skin cell despite successful sell.","1","2004-08-15 10:19:08"
"89","2","Possible wish effort already continue glass event.","1","2017-07-28 23:56:59"
"18","3","Too science education situation development.","2","2017-10-10 15:09:18"
"6","4","Strategy easy forget yard cut alone entire.","1","2016-09-14 18:16:02"
"78","5","Return then prevent scientist region maybe.","4","2013-09-26 14:01:25"
"63","6","Home community relationship child culture.","3","2012-11-21 14:40:30"
"62","7","Maybe himself Congress.","3","2021-12-21 13:09:34"
"12","8","Hand short whom report smile account.","4","2004-07-30 01:02:29"
"34","9","Trial nor court.","1","2013-09-27 17:57:35"
"62","10","Include research onto serve.","1","2001-09-05 08:11:18"
"86","11","Quite baby too candidate mother trouble.","3","2016-03-22 17:24:12"
"88","12","Day cold social order music pressure.","5","2007-02-10 22:16:22"
"41","13","Allow member local itself animal quality.","5","2021-09-23 07:32:29"
"64","14","Energy think decide officer.","3","2001-05-25 21:08:18"
"7","15","Listen get get good well green.","5","2004-08-09 03:54:52"
"55","16","Stand left outside put goal dream.","2","2004-03-31 00:09:46"
"27","17","Their garden life church school maintain finally.","3","2006-07-24 09:06:05"
"48","18","Same area parent themselves door weight.","3","2011-06-26 00:42:45"
"71","19","Nature physical marriage safe somebody white.","5","2020-01-15 13:53:03"
"65","20","Present stuff find help teacher.","5","2015-07-27 17:31:45"
"77","21","First system religious mean hospital.","5","2005-09-06 20:19:14"
"99","22","Politics entire provide.","2","2015-02-21 07:07:50"
"95","23","Some experience speech adult fight other control.","1","2013-09-17 22:46:39"
"11","24","Level actually claim son smile check.","2","2018-05-16 12:32:23"
"53","25","Analysis modern reflect both poor then.","4","2004-05-05 19:14:24"
"61","26","Wish relationship eat language.","2","2007-09-14 18:22:20"
"79","27","Get open risk happen unit office building life.","5","2016-10-02 06:17:33"
"12","28","Color tree size short wind movement.","3","2013-01-07 19:09:14"
"55","29","Set blood interview agree note.","3","2010-03-02 22:53:11"
"68","30","Our use hand result.","1","2012-10-01 20:04:36"
"57","31","Capital society crime.","1","2003-03-03 02:11:03"
"48","32","Design world shake.","2","2000-12-15 11:31:31"
"37","33","Population write any former.","5","2023-09-11 03:58:39"
"88","34","Side by suggest force hot someone stop.","4","2002-04-08 18:41:07"
"9","35","Figure mean such American fire those.","4","2008-04-18 02:32:38"
"88","36","Amount tough live green report measure lead.","3","2006-05-23 23:52:53"
"6","37","Check prepare that.","4","2008-05-16 14:47:04"
"55","38","By herself term rise.","5","2010-01-17 07:32:05"
"36","39","Kind move she focus.","5","2011-01-31 01:00:55"
"45","40","College spring vote prepare.","4","2007-02-14 21:01:15"
"3","41","Mean not thus friend author box girl.","1","2008-01-08 09:40:35"
"54","42","Source past project bed bed school.","5","2014-01-30 08:43:58"
"36","43","Yard tell knowledge food man rule.","4","2007-10-19 08:23:03"
"39","44","What southern easy of religious way citizen.","4","2007-03-24 00:50:41"
"64","45","Wonder attention require themselves let knowledge.","2","2015-07-19 22:47:57"
"20","46","Figure third position thank.","1","2016-01-10 11:34:15"
"24","47","Write hot television answer activity new conference.","4","2007-12-06 03:54:42"
"58","48","Loss development grow let write value explain.","2","2014-06-03 13:40:24"
"83","49","Particularly into nearly feeling.","1","2009-09-28 01:50:59"
"9","50","Itself method adult father hand near now.","3","2019-08-05 17:56:45"
"91","51","They computer like month list cup trouble chance.","5","2002-01-17 00:22:52"
"60","52","Human mention still wonder seat explain somebody defense.","2","2014-07-29 00:37:56"
"20","53","Hospital deal exist step reach radio beyond.","3","2017-06-21 08:27:26"
"44","54","Think produce can try step.","5","2006-01-26 17:59:32"
"6","55","Sense doctor them back alone build.","3","2011-01-21 01:39:12"
"41","56","Matter interest son shoulder.","1","2013-01-07 14:41:46"
"5","57","Home yes something shake by certainly commercial page.","4","2008-03-28 23:04:57"
"41","58","Part law cultural able during product mother.","5","2010-10-30 17:15:17"
"24","59","Gun subject only whole music way professor.","4","2007-05-17 13:00:09"
"70","60","Turn door back always.","5","2022-10-07 11:49:57"
"1","61","Ahead between teach decide same forward.","3","2003-08-25 22:41:32"
"66","62","Customer game must at store.","2","2011-06-01 14:29:42"
"77","63","Anyone ground happen pass wrong the their company.","3","2013-10-27 10:51:56"
"87","64","Wear hospital into or.","5","2009-06-17 13:00:42"
"61","65","Employee factor recognize off somebody hour upon.","4","2001-08-06 14:29:52"
"34","66","Admit benefit game.","1","2021-10-03 05:17:49"
"75","67","Push oil so relationship.","2","2004-10-09 11:28:33"
"86","68","Citizen democratic still cost.","3","2012-08-25 14:07:26"
"31","69","Thus central can Mr.","1","2018-01-18 15:29:27"
"42","70","Way doctor can kitchen evidence.","4","2010-12-22 19:54:42"
"41","71","Market town community central stage which.","3","2002-04-16 01:44:37"
"44","72","Mother police sing truth positive theory.","4","2013-08-24 23:08:51"
"78","73","Race miss how enjoy bit.","5","2017-12-22 09:33:34"
"47","74","Cost type air deal.","4","2009-07-08 06:08:03"
"75","75","Race usually environmental exist many.","4","2017-09-30 01:09:14"
"93","76","Instead nature less author.","4","2006-05-11 04:13:06"
"45","77","She amount technology world.","2","2009-09-25 06:00:48"
"30","78","Most wait need smile.","5","2007-05-31 10:46:18"
"25","79","Wish official ok child send.","2","2019-02-19 01:03:52"
"67","80","Whom him score as public property southern.","2","2019-09-20 02:37:14"
"83","81","Attention drop official community hold treatment.","1","2010-10-24 02:14:25"
"97","82","Easy travel own grow defense.","5","2015-09-25 14:33:15"
"59","83","Do political the imagine with field find.","5","2014-09-15 21:22:31"
"17","84","Fight song likely our for while.","2","2008-10-28 23:13:33"
"72","85","Majority sit goal race.","4","2013-07-28 18:47:53"
"14","86","Despite air work professor.","5","2014-09-14 16:50:27"
"88","87","Such two reason right early success.","2","2020-06-20 04:43:07"
"22","88","Compare author finish pass mention.","5","2013-04-23 22:55:04"
"97","89","Take girl oil weight a.","5","2021-09-08 01:08:18"
"5","90","Population tree community voice indicate.","4","2002-08-12 00:48:30"
"56","91","Court science ready economic few court brother.","3","2000-02-04 14:16:23"
"67","92","Environment seat if real form off.","4","2000-05-22 10:12:52"
"5","93","Bring dinner condition class senior no budget.","5","2010-03-01 13:31:55"
"21","94","War tax hold father subject common.","2","2021-05-29 20:49:55"
"42","95","Health better authority realize glass from quality.","1","2019-08-02 04:04:42"
"4","96","Term message alone also none.","2","2015-08-27 21:16:44"
"46","97","Mrs message cost nation there.","1","2002-02-28 14:48:31"
"23","98","Item race sound minute data take.","2","2012-10-01 04:07:11"
"12","99","Give charge health allow admit who.","4","2021-02-11 21:39:14"
