"0","tamaramorrison@hotmail.com","pbkdf2:sha256:600000$dMIn0JvmO5tk6BLy$eca053af934f1cee0516c28f857d08a7f2e7ca0ea37f8fe3f082a517d1810257","Gary","Cross","9342 Lori Bypass Suite 711
East Sandra, MP 11019","89.69"
"1","gwilliams@hotmail.com","pbkdf2:sha256:600000$iIikzIMCmSBXM3cH$74d4079eb9d424431922a698832f8c97425b72b422211ed894292c1f6d3efc91","Tracy","Robbins","792 Tammy Centers Apt. 258
Davidmouth, TN 23414","1.60"
"2","nstewart@gmail.com","pbkdf2:sha256:600000$rVOn9jD4K6CtkAql$bca06c4bb1242acc61be4efc3df24d035768046db4800d7e545917e06d0584cc","Michael","Griffin","19344 Craig Walk
Burtontown, KY 59873","14.32"
"3","zrogers@yahoo.com","pbkdf2:sha256:600000$y7HT4Hk24IZM1rub$0da51b925b296c450ebf407063c4f38542a300e95e1b48336b41bd8b85f5394d","Lauren","Ward","0452 Courtney Lane Apt. 113
North Paul, CT 52118","71.66"
"4","taguilar@hotmail.com","pbkdf2:sha256:600000$R6eBa21T9wrFmzf6$dd8629de15a0ac17e13b8a3d1e6e1aa1a7c88c3aa355a449392135c71a13653e","Jared","Frazier","013 Billy Bridge
Riveraburgh, AS 20007","83.58"
"5","vmendez@hotmail.com","pbkdf2:sha256:600000$R03Eiet26LkP1hxW$4bcf99e2676426520a4a5c0fbdd9339cf5b4f76de9c888b77a84c7b99d644cb0","Sharon","Love","Unit 9426 Box 4183
DPO AE 51884","56.47"
"6","adkinskelly@hotmail.com","pbkdf2:sha256:600000$ocDiZtg7JSBMzpIk$82e30ea409b0b7781ca35a13a2984840486b6afdd116a049c2db8128095b37eb","Jason","Crawford","USNS Villarreal
FPO AE 60013","14.61"
"7","bennettalan@hotmail.com","pbkdf2:sha256:600000$BIA64kx5wyGq5fk0$0190e2eceb5c685b35a7e4d1e1fe0a59e008f2f8ec7b34c3454329787262a4e8","David","White","7121 Rodriguez Rest Apt. 762
Reynoldsbury, NH 45116","66.18"
"8","ashley22@gmail.com","pbkdf2:sha256:600000$QJtfn8yUbWMBAGec$6e029cb1e36e26687a3ca13bb76cd3b32bb5126f821946660eb5e86291c099f5","Scott","Macdonald","728 Gomez Mountains Suite 377
Trevorton, NV 39846","18.95"
"9","jesseevans@gmail.com","pbkdf2:sha256:600000$XvDCrrcf5TuMUIny$77a8406fe6e716e9822aceda53ef0fb8a46bb329f04bfa8a6b9c255d254541ff","Thomas","Wallace","6708 Carpenter Overpass Suite 735
Bobbyton, GA 46350","0.37"
"10","meyersangelica@yahoo.com","pbkdf2:sha256:600000$AGKNKkiqawtsWYHC$e358521d4111080c628b1ef2f956242984baeda9fb3d5a6cdab008a185b2092c","James","Olson","USNS Burns
FPO AE 37069","45.40"
"11","shudson@gmail.com","pbkdf2:sha256:600000$4hnOuHtvtXx2FzHK$3b0ac89856981ef3fa78330c7c72d8697ef43a7ef16da12210a31681d830c37f","Ronnie","Allen","5992 Lester Coves
New Caitlinfort, NH 40962","1.28"
"12","christystanley@hotmail.com","pbkdf2:sha256:600000$1EjjDvkFnrzIwGd1$ba8a64fe9530029e92ac49c808c0dc2b4906b5b90d601979cedc5c90a5ae4b56","Haley","Beck","23028 Jennifer Meadow Apt. 972
West Matthewfurt, AK 82521","4.63"
"13","chadboyle@yahoo.com","pbkdf2:sha256:600000$DJ6K4cNPiIfH9DIZ$1f5d1ef4eaa1cffc96589f7e1fdab7251382659376130344cb2ca296d08f580d","Tiffany","Cox","29188 Fischer Grove
Justinchester, WI 94599","35.33"
"14","vasquezkathryn@gmail.com","pbkdf2:sha256:600000$VuvgSy5f9kvTanzY$ca5e8e4805cbb14cfa0c372715eadd604917dbe38a6421b8bc6bdc56714687f2","Miguel","Shields","609 Gomez Port Apt. 945
South Thomashaven, DC 05951","10.72"
"15","bradleybrewer@hotmail.com","pbkdf2:sha256:600000$dp1iWuuvtDxeUYfT$296bb39a7bb03a2efac28893871ece8435a5c98ea8260a367641ff07d7110057","Kelly","Mckinney","251 Brown Knoll
Emilyshire, PR 59960","52.23"
"16","natalieford@hotmail.com","pbkdf2:sha256:600000$pFRXXZFOKKeeh2cq$4640bb16659ef99730cd37df83f3d83742dadaa0619fd4ea8f6004ef1d763f53","Aaron","Morgan","90622 Anthony Islands
North Brandonville, OK 80648","18.99"
"17","courtneymiranda@hotmail.com","pbkdf2:sha256:600000$F1WvP7fzvZbnrqhp$c25a5a06c1b1e58dd8f437deab119fbeddb543f702a7b0acffa6161337845cc4","Frank","Yates","2954 Walters Highway
Johnsonchester, KY 49674","93.26"
"18","deleonwilliam@gmail.com","pbkdf2:sha256:600000$e1VVJnJ6AC7R4Wi9$b6d17bb2db17149a750acd431825db1bccf8ba45d4b757034356de97b0bb11e4","Maria","Harris","693 Erickson Lodge
Andrewberg, PW 51385","21.56"
"19","mariahwilson@yahoo.com","pbkdf2:sha256:600000$JyJBEW4ZJv9viNcW$f9c18d789d1828cc5967beab7ec9cfc2ca4de8bd166c5c93d4751ea9170bf9f7","Dana","Jimenez","556 Howard Locks
Michellefort, MH 38690","15.57"
"20","kingdakota@gmail.com","pbkdf2:sha256:600000$p62qXw590e7exghL$a302d960d5206d5f3cb5534816002496aa7266c139de676d1953a22171760718","Christopher","Young","263 Harris Pass
New Danielfort, DE 67216","57.60"
"21","frankgrant@yahoo.com","pbkdf2:sha256:600000$HqtBW9ji6L8D9Nyp$04887a09c14bb3b455ec73b4aab7baef078b6add56b00a015e0a2fb6431ac336","Michael","Snyder","571 Jeffrey Crescent Apt. 678
West Janet, AK 53734","26.11"
"22","christina38@hotmail.com","pbkdf2:sha256:600000$u90oSQEEQE7EtgEO$e2dba2b19b0e8a438a409f5ee90d7d5be1604ff50cc2c0ffc72aa5ae83bd7068","Emily","Silva","70452 Forbes Courts
Mosesland, KS 75278","13.66"
"23","brandon38@gmail.com","pbkdf2:sha256:600000$Nm6ZOMQ5sPuMZwCL$e126dcf64dc2a75c8ab33b12dcc3620804c33e576d9e42fb463aa7c092ac4bb2","Veronica","Hunt","4934 Lozano Place Suite 716
Gavinton, IN 93065","61.49"
"24","smithjulie@gmail.com","pbkdf2:sha256:600000$KmCx60vdbr6of0RW$ae7f31fabb75beb98cdc7cc263c4016b2f1dc9e56d9fa4a328c2f3a7ddf074bd","Scott","Fletcher","5641 Brenda Streets Apt. 008
Lake Seanmouth, VT 87205","17.76"
"25","lyonskayla@gmail.com","pbkdf2:sha256:600000$kBFXurNFQtXvMc7C$01893f6a07b70dd2af993ffdbf002056240c8f8b1b8987f567a5f44e8692bab8","Veronica","Harding","363 Lopez Fall Suite 299
Willisbury, MH 00861","6.55"
"26","jjohns@hotmail.com","pbkdf2:sha256:600000$8MW79U6DXlYI1nyW$1f59a59f6c600821cd41529c182a56eaf9d48c780ce8a9fc1e17fd322cfec13e","William","Blackwell","97444 Richard Branch
New Kimland, FM 01845","81.36"
"27","pwang@hotmail.com","pbkdf2:sha256:600000$hAcfoDnCotD2WmNK$554b15ce69081683263e2f9dcd548aed0549662674e9df055917292459a492fa","Janet","Cunningham","95052 Adams Orchard
Smithbury, SD 86285","61.95"
"28","haley65@hotmail.com","pbkdf2:sha256:600000$KgNjapIgX9XEi4rj$e2250a473149821023e55871fb92a2a7f063dcd9d6ca2b97832c2d94e2254b29","Michael","Davis","USCGC Brown
FPO AE 08197","42.20"
"29","latoya30@gmail.com","pbkdf2:sha256:600000$8iOQZiZmyY7ntdd9$79a8094c35bf6057691ee43234c8e212010fcbf28733eda13dacf4114cb6e1b8","Caitlin","White","2278 Wesley Forges
South Leslie, FM 58512","29.83"
"30","sandygarcia@gmail.com","pbkdf2:sha256:600000$3FGqwrFW5t11TkzP$4f59e48f5ee7f7df746717739e2b0af40826f70c453aed3ba5108a8afb2426c0","Dalton","Fritz","647 Michael Trafficway Apt. 037
New Evelyn, GU 01420","18.30"
"31","cgiles@yahoo.com","pbkdf2:sha256:600000$rgtX4dxlzx1c2k45$49bd8e18587c9df756ee07e4cc75040ef2ad3bfe1aa683180cc487f662709da4","Angela","Soto","511 Sanchez Canyon
Port Jennifershire, CO 61535","33.94"
"32","pjohnson@yahoo.com","pbkdf2:sha256:600000$cyJTcmVPqSrO0DTf$ccca6d0d7e66e7cd68c13190f668ae5cb89889781d01f6bd8e21b5b96f6f74d1","Joshua","Anderson","967 Ethan Avenue Suite 164
South Nicole, KS 68053","51.16"
"33","amy84@gmail.com","pbkdf2:sha256:600000$K2ocaiZk2mzzQRAS$8a01af9a96a3f806680f26408a25fdcebe1b299f1d8ee1b9a1652dcee48ef256","Megan","Smith","031 Sean Expressway Suite 427
New Nicholasville, CT 41107","10.80"
"34","caleb01@yahoo.com","pbkdf2:sha256:600000$3hZwTkVsaZWztDmZ$68d8d6e42732f24e9714d60c914ead06d2fba06b8d91578d5ff6a305548fa0c7","Keith","Jones","347 Spencer Road Suite 472
Craigchester, PW 52259","91.98"
"35","richardsandrew@hotmail.com","pbkdf2:sha256:600000$gCeVDnOiWtfnZn2j$1b93b185ecf5676d5e6cfc1cff4dcfc87ed92531dcf6a7d72550d9f41c56087f","Jordan","Parker","19131 Reynolds Crescent
Robbinsmouth, NY 95807","21.69"
"36","michaelross@gmail.com","pbkdf2:sha256:600000$nAT5Bynr5fJRSsSk$d57ad5e8940bb219c0d7ec23f089648a7af90bcd5f3a88e6585d064b7f22f7ef","Katherine","Webb","505 Phillip Throughway Suite 842
Brandonview, VA 10929","42.83"
"37","rebekahsmith@hotmail.com","pbkdf2:sha256:600000$HZmI4lDojf7UtQC0$dd7390128fcd5e0b45f9a2aed75b66f169df8fc5c1aafaa5a912814ec0ce338b","Ricky","Barnes","2648 Flores Stream
Henryville, KS 79832","40.32"
"38","taylorsteven@gmail.com","pbkdf2:sha256:600000$8Wt4pnEe8eoRC5Ud$88d53dd5c2d716b97730413c79abf728a5d9c6bbd34b51026bc26f658a08efa2","William","Burns","2750 Garcia Courts Apt. 449
Henrytown, TN 99387","60.51"
"39","crystalconley@hotmail.com","pbkdf2:sha256:600000$51OEa6XuTXpJq0QT$113cdb79f866e9e1abf388691b9527c0dd5ca8719beff0ab9cfc6023ae5aa466","Philip","Smith","46287 Gallagher Road
Lake Lindsey, KS 23727","20.92"
"40","morrislarry@gmail.com","pbkdf2:sha256:600000$8ZiKGJzkLbMi33GA$5f5705f91db104cc29f93c705f6068fb9d199a3c42da720e53dcc62d5c4c4d96","Joshua","Whitaker","25689 Kemp Fords
Cortezbury, OK 01464","57.94"
"41","vfreeman@hotmail.com","pbkdf2:sha256:600000$RL2DJ5lOegpkH5mO$406853173d4350c279873aea3467b4e1a4e9c23adb491133097d3c1f9c7d6ae4","Tara","Shaw","979 Davis Manor
Lake Rebeccaberg, HI 90658","34.35"
"42","ghancock@yahoo.com","pbkdf2:sha256:600000$Dzow4krmxhXkjy85$b01135a86e130ef9ec7bd36dd313c3fc0cee3c3d208f7730cfc3527e048e85b6","Allen","Trevino","PSC 2652, Box 8592
APO AE 12680","31.14"
"43","amandasnyder@gmail.com","pbkdf2:sha256:600000$DoxKWz91VnQ7ZTqw$448faa0f994d07af5a234ba383a1ededdcea3fd8b6591ad5edaccb164d0bb900","Billy","Hudson","73849 Edward Vista
New Matthewport, MH 72138","28.74"
"44","ashleylewis@gmail.com","pbkdf2:sha256:600000$GW5GmWRdZ2yKMtIJ$d15fd5f93d33281ca3d28fa8bbf2d6fa20010f733c2c01bd380c8f8c7d1de6df","Marilyn","Rodriguez","4229 Hill Light Apt. 972
Floydchester, WV 51245","16.71"
"45","williamdoyle@gmail.com","pbkdf2:sha256:600000$qFjaAftVC7P3bRJm$628f36ec3a895e66708aa36a478e2bf9863768a149dd5c4093b912b0b0ea8aa8","Miss","MD","Unit 8522 Box 1442
DPO AA 39097","31.68"
"46","curtismcgee@hotmail.com","pbkdf2:sha256:600000$fTb8Mrap2ekrKfwS$7fb7783f435c9e67d951fac8670d45e2923fd84d24bc111f8242e59df23327f7","Ashley","Wilson","974 Keith Course Apt. 064
Jeffreyshire, MH 45102","33.92"
"47","elizabethstewart@hotmail.com","pbkdf2:sha256:600000$eC07HnjhVajC5pgL$c04ab792d594055c78a546dab078cc6b04431c5cc792f502b081bbf74755ff5c","Charles","Conley","74632 Smith Way
East Ashleyton, CO 48972","98.06"
"48","porterjoel@hotmail.com","pbkdf2:sha256:600000$00o94TJvgthm72i0$c5d6b0c70d6af8199ac31866d29c76f04d334b735fb2a75cf27738a1539a59b4","Thomas","Velasquez","69774 Smith Walks Suite 151
South Stephen, GU 46202","35.79"
"49","laurie57@hotmail.com","pbkdf2:sha256:600000$dC6iLbAQYHXn7ySI$079f4dca73e27d89b853cb825dd7b3463be5a5f1ccc44e5da882f2616967944a","Margaret","James","83780 Flores Pine
Lake Joanne, OH 32464","3.93"
"50","alopez@yahoo.com","pbkdf2:sha256:600000$3PTtDyF8yPDiSjiv$e2262ff87a844581709ce30dc4fadbb6e3c2a4cca323836f16adc1159675385a","Alexandra","Rowe","57155 Booth Knoll Apt. 633
New Steve, PA 56456","84.75"
"51","zcooper@gmail.com","pbkdf2:sha256:600000$qPDGy14FjtCvIi0b$e3efeac046ae44bbfc224d92feb4517211f299fc6d7b5e67e7abdbc60c0d1107","Lisa","Chung","USNV Sanders
FPO AP 32103","59.25"
"52","jasonday@yahoo.com","pbkdf2:sha256:600000$o9QyqgRcE06SBWvL$e52a7b43f72ac15a81b027d07eb6908d40f407675f007fbc6e46006bbc068dd3","Steve","Matthews","53691 Clark Course
Lake Kariberg, KY 31387","84.94"
"53","jessicaweaver@gmail.com","pbkdf2:sha256:600000$oo6F6f04MYNtTCKh$31de81527d60c5777bbf98a79c40c972e5d69c8831f86424302608ca030e180e","Juan","Coleman","940 Griffin Forest Suite 349
Andrewton, NE 96331","96.03"
"54","charlotte38@gmail.com","pbkdf2:sha256:600000$Azi30LcpmSRZsOaW$e0280b5338112d67435c79668b776e0ffb6f91285389c5d6d57aee0c0d0d72b9","Kristen","Hall","Unit 6279 Box 2046
DPO AP 63390","85.58"
"55","kristinperry@yahoo.com","pbkdf2:sha256:600000$8yKklJhtifr555kp$b402db5180155421f7e82c41f1481905f5b92c1535403ddf122115d8a6f9aa56","Jacob","Roy","47990 Austin Ridges Apt. 256
New Kelly, WV 64262","31.81"
"56","lisa79@yahoo.com","pbkdf2:sha256:600000$8toTYYuf3Ujw2MHO$aca2c62f615b3095e7b04ff6200c6cab7c9d3dbedf07660017340a25b4900e4b","Stephen","Bernard","17811 Frank Mall Apt. 845
Jonathantown, NC 08779","84.53"
"57","nancyadams@yahoo.com","pbkdf2:sha256:600000$sGOuNJ1fQ1qNuWsZ$a0d985a26d769dabfbfd94cfb70afb775d68e586a23eca5a52a37fb43b8babd6","Tammy","Peters","153 Teresa Well
Ramirezborough, NY 94251","96.30"
"58","sharon91@hotmail.com","pbkdf2:sha256:600000$knSUOx0KeheQMjCm$7b4d9c69a79b19c088adc53826eaa4a9384dc16ea7f3fbd7909708feead0be5c","Lori","Dominguez","5727 Brown Rue Apt. 928
Dianaburgh, VA 01057","71.74"
"59","ericgomez@gmail.com","pbkdf2:sha256:600000$VeEpQOf8hRV5lVQ3$8982c5af0cbb5587644bb5f74aa9713ca40bb5ea575aeda6f2511bd8d44156c3","Mandy","Friedman","482 Nathan Locks Apt. 206
New Josephshire, VA 41836","30.96"
"60","stewartrobert@gmail.com","pbkdf2:sha256:600000$YR9nXTKmGwdoLaeP$6682813e6e01a604e513681ad0c71df4e03723622842269ee96ff38bf33c323c","Krystal","Mccarty","6843 Carlos Lane Apt. 230
Lindseyfurt, SD 08763","13.77"
"61","qferrell@hotmail.com","pbkdf2:sha256:600000$5ViOVFv6zBmdRKdC$c1bef26cda23259e87dc35059b774b3666444ca08d182ccd577ca4a7bb010921","Tracey","Bartlett","77038 Emily Lane
South Davidfort, OK 74845","38.73"
"62","qdyer@yahoo.com","pbkdf2:sha256:600000$5xzMdTl2oUepG9Mi$fe7dc2b021600ecf9f928db69e3d27a86da9cf7319ef85cc1cc1c9c7589cfd82","Tiffany","Villegas","5640 Sara Lakes Apt. 150
Valenciachester, IL 77372","54.31"
"63","deckermichele@yahoo.com","pbkdf2:sha256:600000$SJSMvmOJ3SdM99Gm$fbe3296ba76882b3c63a8220bb7538cf03de1eebfbd3d868ae1d7a2495a312e5","Cody","Morris","7157 Payne Locks Suite 050
Duffychester, IN 90218","91.07"
"64","amanda91@hotmail.com","pbkdf2:sha256:600000$zPCPEKc7mr9Oy155$692f273ab9592468ede06e2747111791cd0cfa1129ca4d49388d2e7532e4e532","Lindsey","Davenport","Unit 5182 Box 9799
DPO AA 69551","44.34"
"65","mhiggins@hotmail.com","pbkdf2:sha256:600000$qJM1MJsBkEuDIxb6$4b42069e192bad125c4ce0cdc6760d0e8653e66f19d7b83897f3e8af4aeefdc8","Ronald","Ferrell","0587 Donna Skyway Suite 195
Port Brendaburgh, WY 41215","84.23"
"66","marcfarmer@hotmail.com","pbkdf2:sha256:600000$o2nJFMqAydNjeSpl$2dd9a81ed555d57fced7b4f3d24c8048c9ae51ab0a94a4f7c5114f42fe412d2d","Darin","Bryant","332 Wells Circle Apt. 904
Port Brandonton, FL 28199","39.09"
"67","deanrodriguez@gmail.com","pbkdf2:sha256:600000$yH0SNy3ezXCY8Lcg$560416da638a169db13a2e493884502e31c861aa66e15ad7989f8b3bada61fd9","Denise","Gonzalez","12874 Christopher Trace Apt. 983
East Shawn, NM 82215","63.13"
"68","wheelerrachel@gmail.com","pbkdf2:sha256:600000$tCjR1FfusPbjTOF2$2c16962cedec2f8df24fdb35964b7ac0ab8fd42efa566a818ab673e16baf44a3","Stephanie","Meza","1113 Kristin Road Suite 599
Johnsonfort, VA 53474","37.78"
"69","iclark@yahoo.com","pbkdf2:sha256:600000$JPmbeDxNghnx54KI$22c2a97dba66ef781dacc4eb7c02ba28d1942e6bec7b127e0770f874f609db2b","Casey","DDS","749 Marisa Brooks
North Erinbury, OH 55906","83.41"
"70","christopherwilson@hotmail.com","pbkdf2:sha256:600000$5rQP2HEftuzpiTYN$fece252f8f977137e68730185ea6a1d441058bc379af47d5f46d263948716e42","Jason","Hall","8103 Michael Way
West Linda, IN 41130","24.81"
"71","patricia10@yahoo.com","pbkdf2:sha256:600000$t0UOtncy31Zbvc9i$f9795d726e08bec9854ce1d02f4b84efee7f6e5fa03cb53e0862225975764285","William","Bailey","Unit 4616 Box 6533
DPO AE 79485","56.49"
"72","petersonkimberly@yahoo.com","pbkdf2:sha256:600000$vYzwZl5xexeayTSS$3e1f2926f6e05bb73e5a817bb96402b788b0f16f868aa53c220389bdc163aaa7","Kimberly","Park","1461 Hull Route Suite 956
Lake Davidtown, FL 70328","72.46"
"73","lorimccullough@hotmail.com","pbkdf2:sha256:600000$8Wb0MMyaIeCDxn9H$ba18920edcfa96e2ef2fab561adc8a20d92558cf148cfb930435e8013f5092e5","Edward","Andrade","300 Salazar Square Apt. 339
Boyerhaven, VI 23452","18.85"
"74","ashley18@hotmail.com","pbkdf2:sha256:600000$ixcAdcDDqLBzmXNN$6f6c9265a08504bfe7ec62abca8c8e4a54f5915c6dcf95201db0090f4bb83f4b","Jose","Johns","6160 Duarte Spurs Suite 695
Bushton, VI 02744","63.92"
"75","monica99@gmail.com","pbkdf2:sha256:600000$zVsrxOH5dDvvpoqu$e1cfcf48a6387904c0e0e120746a919540c392c78754b1941fc16aed6f7b23d6","Erin","Williams","1218 Thomas Branch Apt. 431
Jonathanfort, MH 29668","34.86"
"76","connor56@yahoo.com","pbkdf2:sha256:600000$IwBsL6iy9q9xA622$6539145f628528bea5db5fd041d6511c3331df0dd8822bdfce152591a68df75f","Kyle","Rodriguez","50019 Rodriguez Junction Apt. 555
Dylanmouth, CO 33868","43.93"
"77","jacqueline52@hotmail.com","pbkdf2:sha256:600000$3DSz25YNFk6x9uBw$9b496adb07a706f0e0cfcf118d1183fd9281b86295ebc720e1d6db3a60643006","Stanley","Rivas","77167 Austin Spring
Perezberg, OR 63172","57.11"
"78","taylor42@yahoo.com","pbkdf2:sha256:600000$UZk7dwmJg3VtuX45$01b138ae7b0391efab428d54694a3470a6364fd498811d7997d5b6fc550a8934","Justin","Adams","6984 Kim Squares Apt. 742
New Ianview, WI 37389","35.13"
"79","salvarado@gmail.com","pbkdf2:sha256:600000$sLtHQ9i6vIT6f5Ny$2a241914829b8c3e637e2d891c813aae7f6f901fbc65ac03ad10b01be4102267","Raymond","Nolan","371 Gail Ramp Suite 805
Kimberlymouth, NJ 83584","91.73"
"80","christopherrodriguez@hotmail.com","pbkdf2:sha256:600000$oOrPTcsUMuTJjO6F$869d91bcdc29d731038b48cedbbfcafb0afc5983762b21892cb82c3a7fd37168","Katie","Hutchinson","Unit 2653 Box 1632
DPO AP 30982","60.78"
"81","stephen01@gmail.com","pbkdf2:sha256:600000$xbTgWycVydROOoSe$564482f50813171b42327d4856510eaebdecef4f2de7489f9be875d329e4fa17","Amy","Decker","64315 Matthew Neck
Kelleybury, MO 09789","62.62"
"82","burtontamara@yahoo.com","pbkdf2:sha256:600000$JgTEjuiTQkb3X7eT$d46aaddb6385fb7287c807e485c5bdb8a23d71608987a0522733744155b84a0d","Devin","Lopez","5384 Charles Well Apt. 004
Tammyburgh, RI 98336","74.60"
"83","amber45@gmail.com","pbkdf2:sha256:600000$riQgyYSDNoGLez5B$9b714d7ae0c05e4f6e5d59377b1368cc6d52e6b5a7eb6bfcda3a3d21c8f7cb76","Kimberly","Gardner","637 Carter Crossroad
Johnsonbury, NE 86825","8.11"
"84","margaret52@gmail.com","pbkdf2:sha256:600000$7BnWouz3h4Eg42K0$5cd069290be5d64892984f2c749c272390039e6ad658cee6e01ac4b6f04e7357","Parker","Smith","6159 Mary Parkways Suite 452
North Jamesland, MD 29524","32.56"
"85","david98@gmail.com","pbkdf2:sha256:600000$XrazsDv8VI1d5LUe$58e4c9eb8ae29f5981f56d651fcb70161f5e43f1c5807224021e4542d9ebbf1a","Kevin","Clarke","38672 Tonya Pines Suite 481
South Joshuaton, FM 94556","32.61"
"86","christina00@hotmail.com","pbkdf2:sha256:600000$UCG4LfyYIef8CwNN$6759ec02b50b08bcab4490a72b1587099ac113bdf8ba857cd421dca14147b0d6","Stephanie","Montgomery","1894 Theresa Circle Apt. 851
Stephaniestad, WY 82521","74.82"
"87","christina29@yahoo.com","pbkdf2:sha256:600000$WIHgPaD91PAJxbaQ$79864d5989c8ccbcf914f5f04e60b59616d8c59e6e0f3c2ec0a79b52291d2ef3","Erik","Evans","9569 Ball Unions Apt. 630
South Dominique, WA 44710","64.29"
"88","hannahlopez@hotmail.com","pbkdf2:sha256:600000$xfLBsJtPSV6ebDtA$bb166f6373bada6132ef3ddba4b13125e9d7e0fdc1eecdddb90fc5c4db4da2b2","Andrew","Tran","0441 Shannon Harbor
Billyton, RI 06051","25.77"
"89","lawsonrobert@yahoo.com","pbkdf2:sha256:600000$Y4XsMOLruTy4c3ib$97178a2a39f86f090b16991df9926739ff985999ee6342f969605acd03b25bac","Mark","Ingram","910 Leon Centers Apt. 207
East Ryan, AS 84064","5.26"
"90","mcdanieljeremy@gmail.com","pbkdf2:sha256:600000$zUxmVspfm6r5XwNI$515f2fa5b9eaf80359a509e931f98e075a23853f3d4f8c0486188ee555020cd9","David","Kim","423 Mccann Underpass Suite 442
Jeremychester, IL 32661","86.05"
"91","theresa27@hotmail.com","pbkdf2:sha256:600000$8JM7i4xnF7A4uRQT$54af5e95a073afa6976b9fe46b6125b3e8e007a653fb4c8f99f5c383bbe3674a","Julie","Sharp","022 Tracy Cliffs Apt. 180
New Valerieland, MN 06435","27.60"
"92","patricia70@hotmail.com","pbkdf2:sha256:600000$38DqWBlpHOl9rexV$da141bcd240e76d210a4f41fc0eaa4fe0491d77b960b0dc8fcfa4db376fc18af","Jeremy","Hudson","49432 King Corners Apt. 668
Port Michaelview, PR 35187","54.57"
"93","regina68@yahoo.com","pbkdf2:sha256:600000$vJzivHF4w0lwKvy6$d483833a62db2a822733695f0ab08fc61face3b541af6347b4f40111e95161a4","Lindsay","Howard","USNV Burns
FPO AE 97311","89.06"
"94","geoffreygordon@yahoo.com","pbkdf2:sha256:600000$254Xt0CAYNkYeTva$788f1e69e242f9310aabcd9228008c7e22844c1507f9409453c5562ebf661c0b","John","Gutierrez","514 Clark Springs Suite 510
Bensontown, IA 10073","83.37"
"95","tammyodom@gmail.com","pbkdf2:sha256:600000$7cvVdltnwzryXsft$066bcba17e18db6d2779c58cad315ba1393deb73de98b4e8e0d8f1c407b9eaec","Michael","Murray","65459 Rebecca Garden Apt. 662
Lake Johnport, VT 98117","55.36"
"96","leslie39@gmail.com","pbkdf2:sha256:600000$GSV2Ftf2icGiTK1y$588e4cd00e526d0082fab7b5c57624d7b65d879449bd8092433896cfcfa066d5","Rebecca","Morales","893 Smith Falls Suite 558
Tinachester, WA 58419","23.44"
"97","edward11@yahoo.com","pbkdf2:sha256:600000$O73ggPJtrXBAJrJq$4db55aa1802c8c1cfe01a06760ae046766984ad21d381e7020ec1636bb7fa240","Nicole","Clayton","42040 Megan Inlet
Ebonychester, FM 55429","17.83"
"98","carpenterelizabeth@yahoo.com","pbkdf2:sha256:600000$rybcJe0MfO1VN8SX$900294913f94ebbab9226545b6b2313572af5dfb06e3e20bba84eacbe3723ec4","Jessica","Lee","2573 Kelly Fields
East Denise, IL 65235","23.19"
"99","shannonsullivan@hotmail.com","pbkdf2:sha256:600000$qiGmeesEbcXc2VJo$517e8146f14806466f1bf232a87d5c05f3b0156b651637fe1196959e6e244788","Brandy","Gutierrez","1416 Kimberly Rue Apt. 151
Nealchester, ID 45505","63.05"
